Institute,Program,Predicted Closing Rank
"Visvesvaraya National Institute of Technology, Nagpur","Computer Science and Engineering (4 Years, B.Tech)",18329
"Visvesvaraya National Institute of Technology, Nagpur","Mechanical Engineering (4 Years, B.Tech)",18329
"Visvesvaraya National Institute of Technology, Nagpur","Civil Engineering (4 Years, B.Tech)",18329
"Visvesvaraya National Institute of Technology, Nagpur","Electrical Engineering (4 Years, B.Tech)",18329
"Visvesvaraya National Institute of Technology, Nagpur","Chemical Engineering (4 Years, B.Tech)",18329
"Visvesvaraya National Institute of Technology, Nagpur","Electrical and Electronics Engineering (4 Years, B.Tech)",18329
"Visvesvaraya National Institute of Technology, Nagpur","Metallurgical and Materials Engineering (4 Years, B.Tech)",18329
"Visvesvaraya National Institute of Technology, Nagpur","Information Technology (4 Years, B.Tech)",18329
"Visvesvaraya National Institute of Technology, Nagpur","Electronics and Communication Engineering (4 Years, B.Tech)",18329
"Visvesvaraya National Institute of Technology, Nagpur","Computer Engineering (4 Years, B.Tech)",18329
"Indian Institute of Engineering Science and Technology, Shibpur","Information Technology (4 Years, B.Tech)",20028
"Indian Institute of Engineering Science and Technology, Shibpur","Metallurgical and Materials Engineering (4 Years, B.Tech)",20028
"Indian Institute of Engineering Science and Technology, Shibpur","Electrical and Electronics Engineering (4 Years, B.Tech)",20028
"Indian Institute of Engineering Science and Technology, Shibpur","Chemical Engineering (4 Years, B.Tech)",20028
"Indian Institute of Engineering Science and Technology, Shibpur","Electrical Engineering (4 Years, B.Tech)",20028
"Indian Institute of Engineering Science and Technology, Shibpur","Civil Engineering (4 Years, B.Tech)",20028
"Indian Institute of Engineering Science and Technology, Shibpur","Mechanical Engineering (4 Years, B.Tech)",20028
"Indian Institute of Engineering Science and Technology, Shibpur","Computer Engineering (4 Years, B.Tech)",20028
"Indian Institute of Engineering Science and Technology, Shibpur","Computer Science and Engineering (4 Years, B.Tech)",20028
"Indian Institute of Engineering Science and Technology, Shibpur","Electronics and Communication Engineering (4 Years, B.Tech)",20028
"National Institute of Technology, Rourkela","Electronics and Communication Engineering (4 Years, B.Tech)",20106
"National Institute of Technology, Rourkela","Computer Engineering (4 Years, B.Tech)",20106
"National Institute of Technology, Rourkela","Information Technology (4 Years, B.Tech)",20106
"National Institute of Technology, Rourkela","Metallurgical and Materials Engineering (4 Years, B.Tech)",20106
"National Institute of Technology, Rourkela","Electrical and Electronics Engineering (4 Years, B.Tech)",20106
"National Institute of Technology, Rourkela","Chemical Engineering (4 Years, B.Tech)",20106
"National Institute of Technology, Rourkela","Electrical Engineering (4 Years, B.Tech)",20106
"National Institute of Technology, Rourkela","Civil Engineering (4 Years, B.Tech)",20106
"National Institute of Technology, Rourkela","Computer Science and Engineering (4 Years, B.Tech)",20106
"National Institute of Technology, Rourkela","Mechanical Engineering (4 Years, B.Tech)",20106
"Sardar Vallabhbhai National Institute of Technology, Surat","Information Technology (4 Years, B.Tech)",21078
"Sardar Vallabhbhai National Institute of Technology, Surat","Computer Science and Engineering (4 Years, B.Tech)",21078
"Sardar Vallabhbhai National Institute of Technology, Surat","Electronics and Communication Engineering (4 Years, B.Tech)",21078
"Sardar Vallabhbhai National Institute of Technology, Surat","Mechanical Engineering (4 Years, B.Tech)",21078
"Sardar Vallabhbhai National Institute of Technology, Surat","Civil Engineering (4 Years, B.Tech)",21078
"Sardar Vallabhbhai National Institute of Technology, Surat","Electrical Engineering (4 Years, B.Tech)",21078
"Sardar Vallabhbhai National Institute of Technology, Surat","Chemical Engineering (4 Years, B.Tech)",21078
"Sardar Vallabhbhai National Institute of Technology, Surat","Electrical and Electronics Engineering (4 Years, B.Tech)",21078
"Sardar Vallabhbhai National Institute of Technology, Surat","Metallurgical and Materials Engineering (4 Years, B.Tech)",21078
"Sardar Vallabhbhai National Institute of Technology, Surat","Computer Engineering (4 Years, B.Tech)",21078
"National Institute of Technology, Silchar","Electronics and Communication Engineering (4 Years, B.Tech)",22964
"National Institute of Technology, Silchar","Mechanical Engineering (4 Years, B.Tech)",22964
"National Institute of Technology, Silchar","Civil Engineering (4 Years, B.Tech)",22964
"National Institute of Technology, Silchar","Computer Engineering (4 Years, B.Tech)",22964
"National Institute of Technology, Silchar","Information Technology (4 Years, B.Tech)",22964
"National Institute of Technology, Silchar","Metallurgical and Materials Engineering (4 Years, B.Tech)",22964
"National Institute of Technology, Silchar","Electrical and Electronics Engineering (4 Years, B.Tech)",22964
"National Institute of Technology, Silchar","Chemical Engineering (4 Years, B.Tech)",22964
"National Institute of Technology, Silchar","Electrical Engineering (4 Years, B.Tech)",22964
"National Institute of Technology, Silchar","Computer Science and Engineering (4 Years, B.Tech)",22964
"National Institute of Technology, Goa","Chemical Engineering (4 Years, B.Tech)",23557
"National Institute of Technology, Goa","Electrical and Electronics Engineering (4 Years, B.Tech)",23557
"National Institute of Technology, Goa","Metallurgical and Materials Engineering (4 Years, B.Tech)",23557
"National Institute of Technology, Goa","Information Technology (4 Years, B.Tech)",23557
"National Institute of Technology, Goa","Computer Engineering (4 Years, B.Tech)",23557
"National Institute of Technology, Hamirpur","Computer Science and Engineering (4 Years, B.Tech)",23557
"National Institute of Technology, Hamirpur","Electronics and Communication Engineering (4 Years, B.Tech)",23557
"National Institute of Technology, Hamirpur","Electrical Engineering (4 Years, B.Tech)",23557
"National Institute of Technology, Hamirpur","Civil Engineering (4 Years, B.Tech)",23557
"National Institute of Technology, Hamirpur","Information Technology (4 Years, B.Tech)",23557
"National Institute of Technology, Hamirpur","Chemical Engineering (4 Years, B.Tech)",23557
"National Institute of Technology, Hamirpur","Electrical and Electronics Engineering (4 Years, B.Tech)",23557
"National Institute of Technology, Hamirpur","Metallurgical and Materials Engineering (4 Years, B.Tech)",23557
"National Institute of Technology, Goa","Electrical Engineering (4 Years, B.Tech)",23557
"National Institute of Technology, Hamirpur","Mechanical Engineering (4 Years, B.Tech)",23557
"National Institute of Technology, Goa","Civil Engineering (4 Years, B.Tech)",23557
"Malaviya National Institute of Technology, Jaipur","Computer Engineering (4 Years, B.Tech)",23557
"National Institute of Technology, Goa","Electronics and Communication Engineering (4 Years, B.Tech)",23557
"National Institute of Technology, Delhi","Computer Science and Engineering (4 Years, B.Tech)",23557
"National Institute of Technology, Calicut","Computer Engineering (4 Years, B.Tech)",23557
"National Institute of Technology, Calicut","Information Technology (4 Years, B.Tech)",23557
"National Institute of Technology, Calicut","Metallurgical and Materials Engineering (4 Years, B.Tech)",23557
"National Institute of Technology, Calicut","Electrical and Electronics Engineering (4 Years, B.Tech)",23557
"National Institute of Technology, Calicut","Chemical Engineering (4 Years, B.Tech)",23557
"National Institute of Technology, Delhi","Electronics and Communication Engineering (4 Years, B.Tech)",23557
"National Institute of Technology, Calicut","Electrical Engineering (4 Years, B.Tech)",23557
"National Institute of Technology, Calicut","Mechanical Engineering (4 Years, B.Tech)",23557
"National Institute of Technology, Calicut","Electronics and Communication Engineering (4 Years, B.Tech)",23557
"National Institute of Technology, Calicut","Computer Science and Engineering (4 Years, B.Tech)",23557
"National Institute of Technology, Agartala","Computer Engineering (4 Years, B.Tech)",23557
"National Institute of Technology, Agartala","Information Technology (4 Years, B.Tech)",23557
"National Institute of Technology, Agartala","Metallurgical and Materials Engineering (4 Years, B.Tech)",23557
"National Institute of Technology, Calicut","Civil Engineering (4 Years, B.Tech)",23557
"National Institute of Technology, Delhi","Mechanical Engineering (4 Years, B.Tech)",23557
"National Institute of Technology, Delhi","Civil Engineering (4 Years, B.Tech)",23557
"National Institute of Technology, Delhi","Electrical Engineering (4 Years, B.Tech)",23557
"National Institute of Technology, Goa","Computer Science and Engineering (4 Years, B.Tech)",23557
"National Institute of Technology, Durgapur","Computer Engineering (4 Years, B.Tech)",23557
"National Institute of Technology, Durgapur","Information Technology (4 Years, B.Tech)",23557
"National Institute of Technology, Durgapur","Metallurgical and Materials Engineering (4 Years, B.Tech)",23557
"National Institute of Technology, Durgapur","Electrical and Electronics Engineering (4 Years, B.Tech)",23557
"National Institute of Technology, Durgapur","Chemical Engineering (4 Years, B.Tech)",23557
"National Institute of Technology, Durgapur","Electrical Engineering (4 Years, B.Tech)",23557
"National Institute of Technology, Durgapur","Civil Engineering (4 Years, B.Tech)",23557
"National Institute of Technology, Durgapur","Mechanical Engineering (4 Years, B.Tech)",23557
"National Institute of Technology, Durgapur","Electronics and Communication Engineering (4 Years, B.Tech)",23557
"National Institute of Technology, Durgapur","Computer Science and Engineering (4 Years, B.Tech)",23557
"National Institute of Technology, Delhi","Computer Engineering (4 Years, B.Tech)",23557
"National Institute of Technology, Delhi","Information Technology (4 Years, B.Tech)",23557
"National Institute of Technology, Delhi","Electrical and Electronics Engineering (4 Years, B.Tech)",23557
"National Institute of Technology, Delhi","Chemical Engineering (4 Years, B.Tech)",23557
"National Institute of Technology, Goa","Mechanical Engineering (4 Years, B.Tech)",23557
"National Institute of Technology, Delhi","Metallurgical and Materials Engineering (4 Years, B.Tech)",23557
"National Institute of Technology, Meghalaya","Metallurgical and Materials Engineering (4 Years, B.Tech)",23557
"National Institute of Technology, Meghalaya","Computer Science and Engineering (4 Years, B.Tech)",23557
"National Institute of Technology, Puducherry","Mechanical Engineering (4 Years, B.Tech)",23557
"National Institute of Technology, Puducherry","Civil Engineering (4 Years, B.Tech)",23557
"National Institute of Technology, Puducherry","Electrical Engineering (4 Years, B.Tech)",23557
"National Institute of Technology, Puducherry","Chemical Engineering (4 Years, B.Tech)",23557
"National Institute of Technology, Puducherry","Electrical and Electronics Engineering (4 Years, B.Tech)",23557
"National Institute of Technology, Puducherry","Metallurgical and Materials Engineering (4 Years, B.Tech)",23557
"National Institute of Technology, Puducherry","Information Technology (4 Years, B.Tech)",23557
"National Institute of Technology, Puducherry","Computer Engineering (4 Years, B.Tech)",23557
"National Institute of Technology, Raipur","Computer Science and Engineering (4 Years, B.Tech)",23557
"National Institute of Technology, Raipur","Electronics and Communication Engineering (4 Years, B.Tech)",23557
"National Institute of Technology, Raipur","Mechanical Engineering (4 Years, B.Tech)",23557
"National Institute of Technology, Raipur","Civil Engineering (4 Years, B.Tech)",23557
"National Institute of Technology, Puducherry","Electronics and Communication Engineering (4 Years, B.Tech)",23557
"National Institute of Technology, Raipur","Electrical Engineering (4 Years, B.Tech)",23557
"National Institute of Technology, Raipur","Electrical and Electronics Engineering (4 Years, B.Tech)",23557
"National Institute of Technology, Raipur","Metallurgical and Materials Engineering (4 Years, B.Tech)",23557
"National Institute of Technology, Raipur","Information Technology (4 Years, B.Tech)",23557
"National Institute of Technology, Raipur","Computer Engineering (4 Years, B.Tech)",23557
"National Institute of Technology, Sikkim","Computer Science and Engineering (4 Years, B.Tech)",23557
"National Institute of Technology, Sikkim","Electronics and Communication Engineering (4 Years, B.Tech)",23557
"National Institute of Technology, Sikkim","Mechanical Engineering (4 Years, B.Tech)",23557
"National Institute of Technology, Sikkim","Civil Engineering (4 Years, B.Tech)",23557
"National Institute of Technology, Sikkim","Electrical Engineering (4 Years, B.Tech)",23557
"National Institute of Technology, Sikkim","Chemical Engineering (4 Years, B.Tech)",23557
"National Institute of Technology, Sikkim","Electrical and Electronics Engineering (4 Years, B.Tech)",23557
"National Institute of Technology, Sikkim","Metallurgical and Materials Engineering (4 Years, B.Tech)",23557
"National Institute of Technology, Raipur","Chemical Engineering (4 Years, B.Tech)",23557
"National Institute of Technology, Puducherry","Computer Science and Engineering (4 Years, B.Tech)",23557
"National Institute of Technology, Patna","Computer Engineering (4 Years, B.Tech)",23557
"National Institute of Technology, Patna","Information Technology (4 Years, B.Tech)",23557
"National Institute of Technology, Meghalaya","Electronics and Communication Engineering (4 Years, B.Tech)",23557
"National Institute of Technology, Meghalaya","Mechanical Engineering (4 Years, B.Tech)",23557
"National Institute of Technology, Meghalaya","Civil Engineering (4 Years, B.Tech)",23557
"National Institute of Technology, Meghalaya","Electrical Engineering (4 Years, B.Tech)",23557
"National Institute of Technology, Meghalaya","Chemical Engineering (4 Years, B.Tech)",23557
"National Institute of Technology, Meghalaya","Electrical and Electronics Engineering (4 Years, B.Tech)",23557
"National Institute of Technology, Agartala","Electrical and Electronics Engineering (4 Years, B.Tech)",23557
"National Institute of Technology, Meghalaya","Information Technology (4 Years, B.Tech)",23557
"National Institute of Technology, Meghalaya","Computer Engineering (4 Years, B.Tech)",23557
"National Institute of Technology, Nagaland","Computer Science and Engineering (4 Years, B.Tech)",23557
"National Institute of Technology, Nagaland","Electronics and Communication Engineering (4 Years, B.Tech)",23557
"National Institute of Technology, Nagaland","Mechanical Engineering (4 Years, B.Tech)",23557
"National Institute of Technology, Nagaland","Civil Engineering (4 Years, B.Tech)",23557
"National Institute of Technology, Nagaland","Electrical Engineering (4 Years, B.Tech)",23557
"National Institute of Technology, Nagaland","Chemical Engineering (4 Years, B.Tech)",23557
"National Institute of Technology, Nagaland","Electrical and Electronics Engineering (4 Years, B.Tech)",23557
"National Institute of Technology, Nagaland","Metallurgical and Materials Engineering (4 Years, B.Tech)",23557
"National Institute of Technology, Nagaland","Information Technology (4 Years, B.Tech)",23557
"National Institute of Technology, Nagaland","Computer Engineering (4 Years, B.Tech)",23557
"National Institute of Technology, Patna","Computer Science and Engineering (4 Years, B.Tech)",23557
"National Institute of Technology, Patna","Electronics and Communication Engineering (4 Years, B.Tech)",23557
"National Institute of Technology, Patna","Mechanical Engineering (4 Years, B.Tech)",23557
"National Institute of Technology, Patna","Civil Engineering (4 Years, B.Tech)",23557
"National Institute of Technology, Patna","Electrical Engineering (4 Years, B.Tech)",23557
"National Institute of Technology, Patna","Chemical Engineering (4 Years, B.Tech)",23557
"National Institute of Technology, Patna","Electrical and Electronics Engineering (4 Years, B.Tech)",23557
"National Institute of Technology, Patna","Metallurgical and Materials Engineering (4 Years, B.Tech)",23557
"National Institute of Technology, Hamirpur","Computer Engineering (4 Years, B.Tech)",23557
"National Institute of Technology, Agartala","Chemical Engineering (4 Years, B.Tech)",23557
"National Institute of Technology, Sikkim","Computer Engineering (4 Years, B.Tech)",23557
"National Institute of Technology, Agartala","Civil Engineering (4 Years, B.Tech)",23557
"Malaviya National Institute of Technology, Jaipur","Civil Engineering (4 Years, B.Tech)",23557
"Malaviya National Institute of Technology, Jaipur","Mechanical Engineering (4 Years, B.Tech)",23557
"Malaviya National Institute of Technology, Jaipur","Electronics and Communication Engineering (4 Years, B.Tech)",23557
"Malaviya National Institute of Technology, Jaipur","Computer Science and Engineering (4 Years, B.Tech)",23557
"Dr. B R Ambedkar National Institute of Technology, Jalandhar","Computer Engineering (4 Years, B.Tech)",23557
"Dr. B R Ambedkar National Institute of Technology, Jalandhar","Information Technology (4 Years, B.Tech)",23557
"Dr. B R Ambedkar National Institute of Technology, Jalandhar","Metallurgical and Materials Engineering (4 Years, B.Tech)",23557
"Dr. B R Ambedkar National Institute of Technology, Jalandhar","Electrical and Electronics Engineering (4 Years, B.Tech)",23557
"Dr. B R Ambedkar National Institute of Technology, Jalandhar","Chemical Engineering (4 Years, B.Tech)",23557
"Dr. B R Ambedkar National Institute of Technology, Jalandhar","Electrical Engineering (4 Years, B.Tech)",23557
"Dr. B R Ambedkar National Institute of Technology, Jalandhar","Civil Engineering (4 Years, B.Tech)",23557
"Malaviya National Institute of Technology, Jaipur","Electrical Engineering (4 Years, B.Tech)",23557
"Dr. B R Ambedkar National Institute of Technology, Jalandhar","Electronics and Communication Engineering (4 Years, B.Tech)",23557
"National Institute of Technology, Agartala","Electrical Engineering (4 Years, B.Tech)",23557
"National Institute of Technology, Arunachal Pradesh","Computer Science and Engineering (4 Years, B.Tech)",23557
"National Institute of Technology, Arunachal Pradesh","Electronics and Communication Engineering (4 Years, B.Tech)",23557
"National Institute of Technology, Arunachal Pradesh","Mechanical Engineering (4 Years, B.Tech)",23557
"National Institute of Technology, Arunachal Pradesh","Civil Engineering (4 Years, B.Tech)",23557
"National Institute of Technology, Arunachal Pradesh","Electrical Engineering (4 Years, B.Tech)",23557
"National Institute of Technology, Arunachal Pradesh","Chemical Engineering (4 Years, B.Tech)",23557
"National Institute of Technology, Arunachal Pradesh","Electrical and Electronics Engineering (4 Years, B.Tech)",23557
"National Institute of Technology, Arunachal Pradesh","Metallurgical and Materials Engineering (4 Years, B.Tech)",23557
"National Institute of Technology, Arunachal Pradesh","Information Technology (4 Years, B.Tech)",23557
"National Institute of Technology, Arunachal Pradesh","Computer Engineering (4 Years, B.Tech)",23557
"Dr. B R Ambedkar National Institute of Technology, Jalandhar","Computer Science and Engineering (4 Years, B.Tech)",23557
"Malaviya National Institute of Technology, Jaipur","Chemical Engineering (4 Years, B.Tech)",23557
"Dr. B R Ambedkar National Institute of Technology, Jalandhar","Mechanical Engineering (4 Years, B.Tech)",23557
"Malaviya National Institute of Technology, Jaipur","Metallurgical and Materials Engineering (4 Years, B.Tech)",23557
"Motilal Nehru National Institute of Technology, Allahabad","Chemical Engineering (4 Years, B.Tech)",23557
"Motilal Nehru National Institute of Technology, Allahabad","Electrical and Electronics Engineering (4 Years, B.Tech)",23557
"Motilal Nehru National Institute of Technology, Allahabad","Metallurgical and Materials Engineering (4 Years, B.Tech)",23557
"Motilal Nehru National Institute of Technology, Allahabad","Mechanical Engineering (4 Years, B.Tech)",23557
"Motilal Nehru National Institute of Technology, Allahabad","Information Technology (4 Years, B.Tech)",23557
"Malaviya National Institute of Technology, Jaipur","Electrical and Electronics Engineering (4 Years, B.Tech)",23557
"Motilal Nehru National Institute of Technology, Allahabad","Computer Engineering (4 Years, B.Tech)",23557
"National Institute of Technology, Agartala","Computer Science and Engineering (4 Years, B.Tech)",23557
"National Institute of Technology, Agartala","Electronics and Communication Engineering (4 Years, B.Tech)",23557
"National Institute of Technology, Agartala","Mechanical Engineering (4 Years, B.Tech)",23557
"Motilal Nehru National Institute of Technology, Allahabad","Electrical Engineering (4 Years, B.Tech)",23557
"Motilal Nehru National Institute of Technology, Allahabad","Electronics and Communication Engineering (4 Years, B.Tech)",23557
"Motilal Nehru National Institute of Technology, Allahabad","Computer Science and Engineering (4 Years, B.Tech)",23557
"Motilal Nehru National Institute of Technology, Allahabad","Civil Engineering (4 Years, B.Tech)",23557
"Maulana Azad National Institute of Technology, Bhopal","Computer Engineering (4 Years, B.Tech)",23557
"Malaviya National Institute of Technology, Jaipur","Information Technology (4 Years, B.Tech)",23557
"National Institute of Technology, Sikkim","Information Technology (4 Years, B.Tech)",23557
"Maulana Azad National Institute of Technology, Bhopal","Computer Science and Engineering (4 Years, B.Tech)",23557
"Maulana Azad National Institute of Technology, Bhopal","Electronics and Communication Engineering (4 Years, B.Tech)",23557
"Maulana Azad National Institute of Technology, Bhopal","Mechanical Engineering (4 Years, B.Tech)",23557
"Maulana Azad National Institute of Technology, Bhopal","Civil Engineering (4 Years, B.Tech)",23557
"Maulana Azad National Institute of Technology, Bhopal","Electrical Engineering (4 Years, B.Tech)",23557
"Maulana Azad National Institute of Technology, Bhopal","Chemical Engineering (4 Years, B.Tech)",23557
"Maulana Azad National Institute of Technology, Bhopal","Electrical and Electronics Engineering (4 Years, B.Tech)",23557
"Maulana Azad National Institute of Technology, Bhopal","Metallurgical and Materials Engineering (4 Years, B.Tech)",23557
"Maulana Azad National Institute of Technology, Bhopal","Information Technology (4 Years, B.Tech)",23557
"National Institute of Technology, Jamshedpur","Computer Engineering (4 Years, B.Tech)",23718
"National Institute of Technology, Jamshedpur","Information Technology (4 Years, B.Tech)",23718
"National Institute of Technology, Jamshedpur","Metallurgical and Materials Engineering (4 Years, B.Tech)",23718
"National Institute of Technology, Jamshedpur","Electrical and Electronics Engineering (4 Years, B.Tech)",23718
"National Institute of Technology, Jamshedpur","Chemical Engineering (4 Years, B.Tech)",23718
"National Institute of Technology, Jamshedpur","Civil Engineering (4 Years, B.Tech)",23718
"National Institute of Technology, Jamshedpur","Mechanical Engineering (4 Years, B.Tech)",23718
"National Institute of Technology, Jamshedpur","Electrical Engineering (4 Years, B.Tech)",23718
"National Institute of Technology, Jamshedpur","Computer Science and Engineering (4 Years, B.Tech)",23718
"National Institute of Technology, Jamshedpur","Electronics and Communication Engineering (4 Years, B.Tech)",23718
"National Institute of Technology, Andhra Pradesh","Information Technology (4 Years, B.Tech)",24859
"National Institute of Technology, Andhra Pradesh","Computer Engineering (4 Years, B.Tech)",24859
"National Institute of Technology, Andhra Pradesh","Computer Science and Engineering (4 Years, B.Tech)",24859
"National Institute of Technology, Andhra Pradesh","Electronics and Communication Engineering (4 Years, B.Tech)",24859
"National Institute of Technology, Andhra Pradesh","Mechanical Engineering (4 Years, B.Tech)",24859
"National Institute of Technology, Andhra Pradesh","Electrical Engineering (4 Years, B.Tech)",24859
"National Institute of Technology, Andhra Pradesh","Chemical Engineering (4 Years, B.Tech)",24859
"National Institute of Technology, Andhra Pradesh","Electrical and Electronics Engineering (4 Years, B.Tech)",24859
"National Institute of Technology, Andhra Pradesh","Metallurgical and Materials Engineering (4 Years, B.Tech)",24859
"National Institute of Technology, Andhra Pradesh","Civil Engineering (4 Years, B.Tech)",24859
"National Institute of Technology, Uttarakhand","Computer Engineering (4 Years, B.Tech)",29110
"National Institute of Technology, Uttarakhand","Metallurgical and Materials Engineering (4 Years, B.Tech)",29110
"National Institute of Technology, Uttarakhand","Electrical and Electronics Engineering (4 Years, B.Tech)",29110
"National Institute of Technology, Uttarakhand","Chemical Engineering (4 Years, B.Tech)",29110
"National Institute of Technology, Uttarakhand","Electrical Engineering (4 Years, B.Tech)",29110
"National Institute of Technology, Uttarakhand","Civil Engineering (4 Years, B.Tech)",29110
"National Institute of Technology, Uttarakhand","Mechanical Engineering (4 Years, B.Tech)",29110
"National Institute of Technology, Uttarakhand","Electronics and Communication Engineering (4 Years, B.Tech)",29110
"National Institute of Technology, Uttarakhand","Information Technology (4 Years, B.Tech)",29110
"National Institute of Technology, Uttarakhand","Computer Science and Engineering (4 Years, B.Tech)",29110
"National Institute of Technology, Srinagar","Computer Engineering (4 Years, B.Tech)",33219
"National Institute of Technology, Srinagar","Mechanical Engineering (4 Years, B.Tech)",33219
"National Institute of Technology, Srinagar","Civil Engineering (4 Years, B.Tech)",33219
"National Institute of Technology, Srinagar","Electrical Engineering (4 Years, B.Tech)",33219
"National Institute of Technology, Srinagar","Chemical Engineering (4 Years, B.Tech)",33219
"National Institute of Technology, Srinagar","Electrical and Electronics Engineering (4 Years, B.Tech)",33219
"National Institute of Technology, Srinagar","Metallurgical and Materials Engineering (4 Years, B.Tech)",33219
"National Institute of Technology, Srinagar","Information Technology (4 Years, B.Tech)",33219
"National Institute of Technology, Srinagar","Computer Science and Engineering (4 Years, B.Tech)",33219
"National Institute of Technology, Srinagar","Electronics and Communication Engineering (4 Years, B.Tech)",33219
"National Institute of Technology, Manipur","Information Technology (4 Years, B.Tech)",38201
"National Institute of Technology, Manipur","Metallurgical and Materials Engineering (4 Years, B.Tech)",38201
"National Institute of Technology, Manipur","Electrical and Electronics Engineering (4 Years, B.Tech)",38201
"National Institute of Technology, Manipur","Chemical Engineering (4 Years, B.Tech)",38201
"National Institute of Technology, Manipur","Computer Science and Engineering (4 Years, B.Tech)",38201
"National Institute of Technology, Manipur","Electrical Engineering (4 Years, B.Tech)",38201
"National Institute of Technology, Manipur","Civil Engineering (4 Years, B.Tech)",38201
"National Institute of Technology, Manipur","Mechanical Engineering (4 Years, B.Tech)",38201
"National Institute of Technology, Manipur","Computer Engineering (4 Years, B.Tech)",38201
"National Institute of Technology, Manipur","Electronics and Communication Engineering (4 Years, B.Tech)",38201
"National Institute of Technology, Mizoram","Chemical Engineering (4 Years, B.Tech)",46951
"National Institute of Technology, Mizoram","Information Technology (4 Years, B.Tech)",46951
"National Institute of Technology, Mizoram","Metallurgical and Materials Engineering (4 Years, B.Tech)",46951
"National Institute of Technology, Mizoram","Electrical Engineering (4 Years, B.Tech)",46951
"National Institute of Technology, Mizoram","Civil Engineering (4 Years, B.Tech)",46951
"National Institute of Technology, Mizoram","Mechanical Engineering (4 Years, B.Tech)",46951
"National Institute of Technology, Mizoram","Electronics and Communication Engineering (4 Years, B.Tech)",46951
"National Institute of Technology, Mizoram","Computer Science and Engineering (4 Years, B.Tech)",46951
"National Institute of Technology, Mizoram","Computer Engineering (4 Years, B.Tech)",46951
"National Institute of Technology, Mizoram","Electrical and Electronics Engineering (4 Years, B.Tech)",46951
